title,id
"""World-changing"" LK-99 Superconductor explained quickly",BPadRwJbylY
The shocking decline of Stack Overflow,cXlxMP9PU8I
PostgreSQL in 100 Seconds,n2Fluyr3lbc
Twitter rebrands to X in latest 5D chess move,AE3iXR1JFak
Is AI really getting dumber? Llama2 vs GPT-4,DXWwCggFROk
SvelteKit in 100 seconds,H1eEFfAkIik
"The future of ""truth"" on the Internet",-Bdb2KOb_zI
ChatGPT just leveled up big time...,p6Yw0Bx5dbw
htmx in 100 seconds,r-GSGH2RxJs
The sad truth about Twitterâ€™s rate limit,3AS5x05XIyg
This unicorn startup faked 95% of its users,M_wZpSEvOkc
PHP will make you poor? StackOverflow 2023 Results,3Ay6qZ88boI
SST in 100 seconds,JY_d0vf-rfw
RIP Google Domainsâ€¦ and 5 big tech stories this week,1GSq7Je32iw
Nuxt in 100 Seconds,dCxSsr5xuL8
Redditâ€™s API rug pull,Ch6zNEq9fwM
High-school student makes React a million times faster,VkezQMb1DHw
Apple makes risky bet on VR/AR future,Uc6lM1Aig9c
Java is mounting a huge comeback,Ibjm2KHfymo
21 Awesome Web Features youâ€™re not using yet,q1fsBWLpYW4
Worldcoinâ€¦ the sh*tcoin for humanity just launched,V4qrvoFodmo
Yo mama so FAT32...,0xnuhmqRvVQ
Why did my side-hustle fail? How to validate business ideas,4_MDP6TcHwU
How to get rich as a solo software developer - The Ultimate Guide,A4_TFHzqAAg
AI regulation is coming...,CDokUdux0rc
10 crazy announcements from Google I/O,nmfRDRNjCnM
I built a smarter smart home,0rIvB3LZiKA
A Day in the Life of a Proompt Engineer,H1sXIUbpRCU
Serverless was a big mistake... says Amazon,qQk94CjRvIs
Mojo Langâ€¦ a fast futuristic Python alternative,V4gGJ7XXlC0
The first casualties of AI,PR_ykicOZYU
Vercel dropped a database and leaked new Next.js features,Km0aNxhVuC4
10 Math Concepts for Programmers,bOCHTHkBoAs
I built a react appâ€¦ but with a visual editor,tszI9GrH1u0
Music Industry on life support right now,LkrI3erbUtw
AWS CodeWhispererâ€¦ The Copilot Killer?,FJACTC9wFhU
Uh ohâ€¦ AI-search engine for developers has emerged,91IPJ6LFmto
Angular is back with a vengeance,nQ2A30cD3Q8
I built my own AutoGPT that makes videos,_rGXIXyNqpk
Vector databases are so hot right now. WTF are they?,klTvEwg3oJ4
Meet SAMâ€¦ Metaâ€™s latest AI model,WrxnpxKarxU
Masterclass: AI-driven Development for Programmers,iO1mwxPNP5A
Twitter algorithm open-sourcedâ€¦ Is Elon playing 5D chess?,GXN34w8kju4
AI is giving me an unfair advantage,J1U1h_EjkPs
AWS for the Haters in 100 Seconds,ZzI9JE0i6Lc
Elon wants GPT-5 stopped NOWâ€¦ 5 reasons AI kinda sucks,TpZcGhYp4rw
Ansible in 100 Seconds,xRMPKQweySE
I literally connected my brain to GPT-4 with JavaScript,-HYbFm67Gs8
Unreal Engine 5.2 is getting too real,qLGmj86-j4k
ChatGPT gets another insane new buff,mpnh1YTT66w
Game overâ€¦ GitHub Copilot X announced,q1HZj40ZQrM
Google Bardâ€¦ the ChatGPT killer?,xW9DJTvB3NI
PyTorch in 100 Seconds,ORMx45xqWkA
Midjourney 5 must be stopped at all costs,nYqeHIRKboM
GPT-4 has been unleashed,EunbKbPV2C0
Silicon Valley had a bank... HAD,nMdwS3A6zck
the PATH var of righteousness,-J7EWBYipqI
FFmpeg in 100 Seconds,26Mayv5JPz0
Neovim in 100 Seconds,c4OyfL5o7DU
how big is a yottabyte?,6V-eRPPLSy0
ChatGPT is a perfectly balanced AI with no exploits,y3iLOxBTuy4
15 futuristic databases youâ€™ve never heard of,jb2AvF8XzII
7 better ways to create a React app,2OTq15A5s0Y
The weird future of music,1LV1K69885E
Unreal in 100 Seconds,DXDe-2BC4cE
Neo4j in 100 Seconds,T6L9EoBy8Zk
real eyes realize AI lies,Z8omJ59hNfY
5 ideas for your own AI grift with ChatGPT,Aa83vRghue4
Tailwind CSS is the worstâ€¦,lHZwlzOUOZ4
The Official JavaScript Tier List is Here,vdiYtiKD8eI
Kafka in 100 Seconds,uvb00oaa3k8
my code will never stop never stopping,1CDfTpD8dxo
Reverse Engineering Logan Paul's Scam,NGXW4xhlYa4
get a grip on grep,5_t_I_4OuwQ
How to ACTUALLY learn to code... 7 Roadmaps for 2023,66tfvFeALBQ
JPG vs PNG vs WEBP vs GIF vs SVG,U_QNznf2FZA
Why my chat app brokeâ€¦ a cautionary tale,M93w3TjzVUE
Database Sharting Explained,K7iRfOs-aUw
I built a $5 chat app with Pocketbase & Svelte. Will it scale?,gUYBFDPZ5qk
7 killer website features,8B20fRB78nA
SvelteKit is my mistress,uEJ-Rnm2yOE
Arduino in 100 Seconds,1ENiVwk8idM
What will AI Programming look like in 5 Years?,eaedq1Jl2fc
Things are gonna get weird in 2023,1v_TEnpqHXE
Supabase in 100 Seconds,zBZgdTb-dns
JavaScript for the Haters,aXOChLn5ZdQ
100+ JavaScript Concepts you Need to Know,lkIFF4maKMU
a solid start,DVWu2b7mvFg
Is FAANG f**ked?,2pfcynxODJc
Nim in 100 Seconds,WHyOHQ_GkNo
When your JavaScript framework gets acquired,HleppfVh8jc
Next.js 13â€¦ this changes everything,_w0Ikk4JY7U
Is coding really dead? 6 trends that look bad,Zs9Tifup1Bc
Godot in 100 Seconds,QKgTZWbwD1U
how to never write bug,X3jw1JVNdPE
Lisp in 100 Seconds,INUHCQST7CU
Stop calling Fleet a VS Code Killer,h55emgImrLk
7 Things No Programmer Ever Wants to Hear,OoQLoKHhohg
Laravel in 100 Seconds,rIfdg_Ot-LI
Qwikâ€¦ the world's first O(1) JavaScript framework?,x2eF3YLiNhY
SurrealDB in 100 Seconds,C7WFwgDRStM
PocketBase... The Ultimate Side-Hustle Backend?,Wqy3PBEglXQ
I tried 5 Firebase alternatives,SXmYUalHyYk
RabbitMQ in 100 Seconds,NQ3fZtyXji0
"There ain't no such thing as a ""free"" tier",ciF7WZXmpjU
Blazor in 100 Seconds,QXxNlpjnulI
God-Tier Developer Roadmap,pEfrdAtAmqk
Astro just Launched.... Could it be the ultimate web framework?,gxBkghlglTg
I built a JavaScript framework,SJeBRW1QQMA
Hugo in 100 Seconds,0RKpf3rK57I
TensorFlow in 100 Seconds,i8NETqtGHms
How to NOT Fail a Technical Interview,1t1_a1BZ04o
TempleOS in 100 Seconds,h7gf5M04hdg
Carbon Langâ€¦ The C++ killer?,-bHK0qmp06c
I tried 10 code editors,8PhdfcX9tG0
gzip file compression in 100 Seconds,NLtt4S9ErIA
Cassandra in 100 Seconds,ziq7FUKpCS8
"Is ""edge"" computing really faster?",yOP5-3_WFus
JavaScript just got way faster,FMhScnY0dME
a fresh new web framework is out,4boXExbbGCk
Storybook in 100 Seconds,gdlTFPebzAU
My Bleeding Edge Tech Stack for 2025,rFP7rUYtOOg
100+ Web Development Things you Should Know,erEgovG9WBs
Web5... The Web3 Killer?,HDZWWFSZUF0
FORTRAN in 100 Seconds,NMWzgy8FsKs
Redwood in 100 Seconds,o5Mwa_TJ3HM
LLVM in 100 Seconds,BT2Cv-Tjq7Q
10 Programmer Stereotypes,_k-F-MMvQV4
Julia in 100 Seconds,JYs_94znYy0
Solid in 100 Seconds,hw3Bx5vxKl0
Is the tech bubble bursting right now?,g-_hVXzkn0o
Tauri in 100 Seconds,-X8evddpu7M
100+ Computer Science Concepts Explained,-uleG_Vecis
Perl in 100 Seconds,74_7LrRe5DI
The Nuxt big thing in web development?,noq-ZHTD2Cg
React for the Haters in 100 Seconds,HyWYpM_S-2c
Redux in 100 Seconds,_shA5Xwe8_4
Assembly Language in 100 Seconds,4gwYkEK0gOk
The Parallax Effect // 5 Minute WebDev Project,UgIwjLg4ONk
Elixir in 100 Seconds,R7t7zca8SyM
DALL-E is coming... World-changing AI image generator,alJdw4JDJ4o
I built 10 web apps... with 10 different languages,FQPlEnKav48
"client got faded, I got paid",UA7NSpzG98s
Java for the Haters in 100 Seconds,m4-HM_sCvtQ
Cypress in 100 Seconds,BQqzfHQkREo
"I use Arch on an M1 MacBook, btw",j_I9nkpovCQ
my code worksâ€¦ why?,9BvBRXkJA58
Binary Search Algorithm in 100 Seconds,MFhxShGxHWc
10 very promising Open Source Projects you havenâ€™t heard of,qXUl3VsbA6o
Timeâ€¦ a programmer's worst enemy // The Code Report,iMVgvkVJuDI
10 Design Patterns Explained in 10 Minutes,tv-_1er1mWI
Linux in 100 Seconds,rrB13utjYV4
A heroic new proposal for JavaScript // The Code Report,O9F4K804XC8
React Query in 100 Seconds,novnyCaa7To
Unity in 100 Seconds,iqlH4okiQqg
This video was made with code. But how?,deg8bOoziaE
"10 React Antipatterns to Avoid - Code This, Not That!",b0IZo2Aho9Y
I feel cyber attacked // The Code Report,3OqQhtLwY9o
Vite in 100 Seconds,KCrXgy8qtjM
The Shocking State of JavaScript // The Code Report,1L2hrG-7i2Y
Firebase in 100 Seconds,vAoB4VbhRzM
7 ways to deal with CSS,ouncVBiye_M
Lua in 100 Seconds,jUuqBZwwkQw
What happens if you hack 4.5 billion BTC? // The Code Report,KPyeJ5J2a7A
How to Learn to Code - 8 Hard Truths,NtfbWkxJTHw
C++ in 100 Seconds,MNeX4EGtR5Y
BIG new feature lands in Node.js // The Code Report,MBqS1kYzwTc
How I post banger tweets with artificial intelligence // Twitter Bot Tutorial,V7LEihbOv3Y
How a CS student tracks Elonâ€™s Private Jet with Python // The Code Report,bJUl3OAIT0k
Ruby in 100 Seconds,UYm0kfnRTJk
I created a Command Line Game for you // 5-Minute Node.js CLI Project,_oHByo8tiEY
Prisma in 100 Seconds,rLRIB6AF2Dg
How to buy Stocks with JavaScript // Algo Trading Tutorial for Dummies,BrcugNqRwUs
How to Land a 100K/yr Tech Job - 10 Strategies,Xg9ihH15Uto
Build a WEB3 app to mint unlimited NFTsâ€¦ But should you?,meTpMP0J5E8
JavaScript in 100 Seconds,DHjqpvDnNGE
Is Redis the ONLY database you need? // Fullstack app from scratch with Next.js & Redis,DOIWQddRD5M
The Dark Side of Open Source // What really happened to Faker.js?,R6S-b_k-ZKY
Binary Explained in 01100100 Seconds,zDNaUi2cjv4
How to get a Million YouTube Subscribers in 100 Seconds,j_q0D_jbMk8
CSS in 100 Seconds,OEV8gMkCHXQ
Monorepos - How the Pros Scale Huge Software Projects // Turborepo vs Nx,9iU_IE6vnJ8
Brainf**k in 100 Seconds,hdHjjBS4cs8
Is Web3 all Hype? Top 10 Web 3.0 Questions & Answers,wHTcrmhskto
r u even turing complete?,UwrZkg6JOOU
C# in 100 Seconds,ravLFzIguCM
HTML in 100 Seconds,ok-plXXHlWw
Web 1.0-beta,ZIv4hb_Swug
2022 is gonna be wild for developers...,LOpFYMPXqE4
Haskell in 100 Seconds,Qa8IfEeBJqk
VS Code in 100 Seconds,KMxo3T_MTvY
Remix is a NEW JavaScript framework you MUST try,r4B69HAOXnA
Swift in 100 Seconds,nAchMctX4YA
Flutter Basic Training - 12 Minute Bootcamp,1xipg02Wu8s
WTF is a BÃ©zier Curve?,BThr1pb77Fo
C in 100 Seconds,U3aXWizDbQ4
Shopify built a JS Framework // Hydrogen First Look,mAsM9c2sGjA
Kotlin in 100 Seconds,xT8oP0wy-A0
Java in 100 Seconds,l9AzO1FMgM8
i quit using console.log in prod,o0v41bhlpi0
7 Cryptography Concepts EVERY Developer Should Know,NuyzuNBFWxQ
Make Money from your API Tutorial,MbqSMgMAzxU
Next.js 12 is a Beast,lRQ5z7i7pxE
WTF is an Abstract Syntax Tree?,mi6DoxNEN6w
Python in 100 Seconds,x7X9w_GIm1s
PHP in 100 Seconds,a7_WFUlFS94
Ultimate Tailwind CSS Tutorial // Build a Discord-inspired Animated Navbar,pfaSUYaSgRo
Auth0 in 100 Seconds // And beyond with a Next.js Authentication Tutorial,yufqeJLP1rI
It works on localhost,SlBOpNLFUC0
Dart in 100 Seconds,NrO0CJCbYLA
Rust in 100 Seconds,5C_HPTJg5ek
Go in 100 Seconds,446E-r0rXHI
React Native vs Flutter - I built the same chat app with both,X8ipUgXH6jw
React Native in 100 Seconds,gvkqT_Uoahw
Solidity in 100 Seconds,kdvVwGrV7ec
How to OVER Engineer a Website // What is a Tech Stack?,Sxxw3qtb3_g
D3.js in 100 Seconds,bp2GF8XcJdY
Content Platforms Explained in 100 Seconds // Build your own with Sanity,c_8cplBi_gE
"How to ""Google It"" like a Senior Software Engineer",cEBkvm0-rg0
Springy Animated Modals // Framer Motion & React Tutorial for Beginners,SuqU904ZHA4
Machine Learning Explained in 100 Seconds,PeMlggyqz0Y
13 Advanced (but useful) Git Techniques and Shortcuts,ecK3EnyGD8o
PostCSS in 100 Seconds,WhCXiEwdU1A
I built a decentralized chat dapp // GUN web3 Tutorial,J5x3OMXjgMc
Tailwind in 100 Seconds,mr15Xzb1Ook
Awesome User Avatars Made Easy,TqnC96-nXAA
Bash in 100 Seconds,I4EWvMFj37g
Build a Curvaceous Homepage // Wavy Background Tutorial with SVG & CSS,lPJVi797Uy0
Reacting to Controversial Opinions of Software Engineers,goy4lZfDtCE
I built the same app 10 times // Which JS Framework is best?,cuHDQhDhvPE
This weird skill helps you learn to code faster,BQBMbwfC6TY
The Decline of Firebase (bundle sizes) // New JavaScript SDK First Look,zd6ffqoK_EU
NestJS in 100 Seconds,0M8AYU_hPas
Terraform in 100 Seconds,tomUWcQ0P3k
Quick overview of CSS,OAuZGexox5s
7 Ways to Deploy a Node.js App,uEVmD6n8Il0
Astro in 100 Seconds,dsTXcSeAZq8
MongoDB in 100 Seconds,-bt_y4Loofg
"Why do computers use RGB for colors, and not RBY?",B1t4Fjlomi8
21+ Browser Dev Tools & Tips You Need To Know,TcTSqhpm80Y
Redis in 100 Seconds,G1rOthIU-uo
Is your memory leaking?,XQMVOoPZLYs
DNS Explained in 100 Seconds,UVR9lhUGAyU
The Truth about Github Copilot // AI Programming First Look,4duqI8WyfqE
TypeScript is Literal Magic,5JqzCjg4YRU
Top 50+ AWS Services Explained in 10 Minutes,JIbIYCM48to
Google Sheetsâ€¦ Your Next Database?,K6Vcfm7TA5U
Build 5 Apps in 5 Minutes with Flutterâ€¦ But should you?,7JdcGBSWo50
God Tier HTML Programming,ZtyMdRzvi0w
Closures Explained in 100 Seconds // Tricky JavaScript Interview Prep,vKJpN5FAeF4
Why do computers suck at math?,s9F8pu5KfyM
25 VS Code Productivity Tips and Speed Hacks,ifTF3ags0XI
Hasura in 100 Seconds,xiZ61BkMKo8
Async Await try-catch hell,ITogH7lJTyE
GUN Decentralized Graph DB in 100 Seconds,oTQXzhm8w_8
Test-Driven Development // Fun TDD Introduction with JavaScript,Jv2uxzhPFl4
Fullstack Development Iceberg #Shorts,JMWNYfPIF2U
Software Testing Explained in 100 Seconds,u6QfIXgjwGQ
Build a Mindblowing 3D Portfolio Website // Three.js Beginnerâ€™s Tutorial,Q7AOvWpIVHU
WebGL 3D Graphics Explained in 100 Seconds,f-9LEoYYvE4
How a CPU Works in 100 Seconds // Apple Silicon M1 vs Intel i9,vqs_0W-MSB0
Is Supabase Legit? Firebase Alternative Breakdown,WiwfiVdfRIc
Sass in 100 Seconds,akDIJa0AP5c
I've become my own Arch Enemy #shorts,epH4QvLUXlY
Ethical Hacking in 100 Seconds // And why do we need CORS?,v969_M6cWk0
How to use TypeScript with React... But should you?,ydkQlJhodio
MySQL - The Basics // Learn SQL in 23 Easy Steps,Cz3WcZLRaWc
3 More Life-Changing CSS Tips,JSURzPQnkl0
Svelte in 100 Seconds,rv3Yq-B8qp4
TODO: Write Good Code Comments #Shorts,kt0bfw4YkFk
"10 CSS Pro Tips - Code this, NOT that!",Qhaz36TZG5Y
Easy Hand-Drawn SVG Animation #Shorts,LuWdeuPMHps
SQL Explained in 100 Seconds,zsjvFFKOm3c
Top 3 Ways to Center a DIV with CSS #Shorts,njdJeu95p6s
Get Paid with Crypto in your App // Coinbase Commerce Tutorial,sZif1kuAjcY
Delete node_modules like a Pro #Shorts,qOSH2pYg6m8
CORS in 100 Seconds,4KHiSt0oLJ0
Make Awesome SVG Animations with CSS // 7 Useful Techniques,UTHgr6NLeEw
Reverse Engineer CSS Animations #Shorts,ecl-eCbYFPM
SVG Explained in 100 Seconds,emFMHH2Bfvo
4 Steps to Become a Developer #Shorts,nvlizC6koSc
Why so many distros? The Weird History of Linux,ShcR4Zfc6Dw
VS Code Path Trick w/ JavaScript #Shorts,WpgZKBtW_t8
7 Linux Things You Say WRONG #Shorts,pL7h1tUzrBs
Serverless Computing in 100 Seconds,W_VV2Fx32_Y
WebRTC in 100 Seconds // Build a Video Chat app from Scratch,WmR9IMUD_CY
Bitcoin â‚¿ in 100 Seconds // Build your Own Blockchain,qF7dkrce-mQ
Invite Only! Use FOMO to grow your app // Exclusive Phone SignIn Tutorial,yJ5agkia4o8
RESTful APIs in 100 Seconds // Build an API from Scratch with Node.js Express,-MTSQjw5DrM
Dgraph Graph Database in 100 Seconds,OzDG68VvPxY
GraphQL Explained in 100 Seconds,eIQh02xuVw4
Linux Directories Explained in 100 Seconds,42iQKuQodW4
Vim in 100 Seconds,-txKSRn0qeA
SEO for Developers in 100 Seconds,-B58GgsehKQ
~/.dotfiles in 100 Seconds,r_MpUP6aKiQ
Fork you ElasticSearch! How Open Source Works,tzq4asJegKY
? in NaN Seconds,O0gmXbN7lVE
Raspberry Pi Explained in 100 Seconds,eZ74x6dVYes
10 React Hooks Explained // Plus Build your own from Scratch,TNhaISOUy6Q
Raspberry Pi versus AWS // How to host your website on the RPi4,QdHvS0D1zAI
JS Destructuring in 100 Seconds,UgEaJBz3bjY
7 Web Features You Didnâ€™t Know Existed,ppwagkhrZJs
Next.js in 100 Seconds // Plus Full Beginner's Tutorial,Sklc_fQBmcs
Progressive Web Apps in 100 Seconds // Build a PWA from Scratch,sFsRylCQblw
"How to Burn Money in the Cloud // Avoid AWS, GCP, Azure Cost Disasters",N6lYcXjd4pg
WebSockets in 100 Seconds & Beyond with Socket.io,1BfCnjr_Vjg
2021 Tech Trends & Predictions for Developers,oHtR5YSPLjo
Firebase Security in 100 Seconds,sw1Uy3zwsLs
TypeScript in 100 Seconds,zQnBQ4tB3ZA
7 Fancy Programming Words,4Zc9ci9L5wY
WASM + React... Easily build video editing software with JS & FFmpeg,-OTc0Ki7Sv0
Session vs Token Authentication in 100 Seconds,UBUNrFtufWo
Web Assembly (WASM) in 100 Seconds,cbB3QEwWMlA
"Module Bundlers Explained... Webpack, Rollup, Parcel, and Snowpack",5IG4UmULyoA
NGINX Explained in 100 Seconds,JKxlsvZXG7c
FaunaDB Basics - The Database of your Dreams,2CipVwISumA
Kubernetes Explained in 100 Seconds,PziYflu8cB8
I built a chat app in 7 minutes with React & Firebase,zQyrwxMPm88
The Legend of jQuery in 100 Seconds,UU-GebNqdbg
CSS Card Tricks,29deL9MFfWc
Angular in 100 Seconds,Ata9cSC2WpM
React in 100 Seconds,Tn6-PIqc4UM
7 Database Paradigms,W2Z7fbCLSTw
Computer Networking in 100 Seconds,keeqnciDVOo
Learn Docker in 7 Easy Steps - Full Beginner's Tutorial,gAkwW2tuIqE
Docker in 100 Seconds,Gjnup-PuquQ
Flutter Firebase Setup for Power Users,Mx24wiPilHg
Firebase - Back to the Basics,q5J5ho7YUhA
CSS Pseudo-elements :: in 100 Seconds,e1KpKBHJOrA
CSS Pseudo-classes: in 100 Seconds,kpXKwDGtjGE
How Tom Scott & Mr. Beast use APIs to update their videos programmatically,JjXBrJfp5TE
Node.js Ultimate Beginnerâ€™s Guide in 7 Easy Steps,ENrzD9HAZK4
Regular Expressions (RegEx) in 100 Seconds,sXQxhojSdZM
Animated CSS Login Form w/ Password Validation Meter,yrrw6KdGuxc
Get Paid with Stripe in 100 Seconds,7edR32QVp_A
Deno in 100 Seconds,F0G9lZ7gecE
7 Full Stack App Ideas for Developers w/ Instructions Included,JTOJsU3FSD8
Graph Search Algorithms in 100 Seconds - And Beyond with JS,cWNEl4HE2OE
CSS Animation in 100 Seconds,HZHHBwzmJLk
Advanced Dropdown Menu - React & CSS Animation Tutorial for Beginners,IF6k0uZuypA
Flutter in 100 seconds,lHhRhPV--G0
COBOL in 100 seconds,7d7-etf-wNI
Your Form was Autosaved with Vue & Firestore,wvRVfyPKOA0
BEST Web Dev Setup? Windows & Linux at the same time (WSL),-atblwgc63E
Vue.js Explained in 100 Seconds,nhBVL41-_Cw
What is THIS in JavaScript? in 100 seconds,YOlr79NaAtQ
CSS Theme Switcher by Reverse-Engineering Alligator.io,rXuHGLzSmSE
Problem-Solving for Developers - A Beginner's Guide,UFc-RPbq8kg
CSS Variables in 100 Seconds,NtRmIp4eMjs
GitHub Pull Request in 100 Seconds - Git a FREE sticker ðŸ”¥,8lGpZkjnkt4
5 Ways to DevOps-ify your App - Github Actions Tutorial,eB0nUzAI7M8
DevOps CI/CD Explained in 100 Seconds,scEDHsr3APg
The Joy of CSS Grid - Build 3 Beautifully Simple Responsive Layouts,705XCEruZFs
Learn to Code in 2020? Things are looking pretty BAD out there,rjfO2AKEsA8
CSS Grid in 100 Seconds,uuOXPWCh-6o
Build a Desktop App with Electron... But Should You?,3yqDxhR2XxE
Git Explained in 100 Seconds,hwP7WQkmECE
Animated Responsive Navbar with CSS - Plus Other Useful Tricks,biOMz4puGt8
Electron JS in 100 Seconds,m3OjWNFREJo
CSS Flexbox in 100 Seconds,K74l26pE4YA
Beyond Console Log in 100 Seconds,L8CDt1J3DAw
7 Security Risks and Hacking Stories for Web Developers,4YOpILi9Oxs
Sign in with Apple from a Firebase Web App,UafqYgRoIC0
JavaScript Promise in 100 Seconds,RvYYCGs45L4
JavaScript Modules in 100 Seconds,qgRUr-YUk1Q
Recursion in 100 Seconds,rf60MejMz3E
Array Reduce in 100 seconds,tVCYa_bnITg
Fireship without Borders & T-shirt winner(s) - Channel Update,q1dfDDV972s
Big-O Notation in 100 Seconds,g2o22C3CRfU
Array Map in 100 Seconds,DC471a9qrU4
The Future of JavaScript -  New Features and Disruptive Trends in 2020,f0DrPLKf6Ro
Cloud Computing in the Year 2020,1pBuwKwaHp0
How to Build a Slack App,25ArxpK48tU
iPod Classic UI with Flutter,A8dvbFby-s0
Firestore Pagination - It Just Got Easier,yFlhTvxcrQ8
Learn Binary by Building a Binary Clock with Flutter,VkTj1U_exwA
Visualize 140k Gun Violence Incidents with Deck.gl & Google Maps,e_5W-JF_E2U
Stripe Payments Basics -  Including New 3D Secure Requirements for EU Customers,1XKRxeo9414
An Encounter with JavaScript Objects,napDjGFjHR0
"100 Firebase Tips, Tricks, and Screw-ups",iWEgpdVSZyg
GraphQL Basics - Build an app with the SpaceX API,7wzR4Ig5pTI
Firebase Analytics + Remote Config on the Web,iVHRy_uVtm0
Firebase Extensions Quickstart,agity_5plBU
Angular for Beginners - Let's build a Tic-Tac-Toe PWA,G0bBLvWXBvc
What will we build next? Channel Update,OWy0e231eMI
Fullstack Autocomplete Search with Algolia,dTXzxSlhTDM
Nest on Cloud Functions,IVy3Tm8iHQ0
Build a Chatbot from Scratch - Dialogflow on Node.js,0NXqwT3Y09E
MySQL with Firebase?,sSDHdWrSqLY
JavaScript Function - What's your Function?,gigtS_5KOqo
"Flutter File Upload - Pick, Crop, and Save Images to the Cloud",HCmAwk2fnZc
A Guide to Web Scraping with Node.js,dXjKh66BR2U
The JavaScript Survival Guide,9emXNzqCKyg
Transactional Email 101 ðŸ“§ with SendGrid & Firebase Cloud Functions,vThujL5-fZQ
JavaScript: How It's Made,FSs_JYwnAdI
In App Purchases in Flutter,NWbkKH-2xcQ
"PayPal Checkout 2.0 - Monetize React, Angular, & Vue Quickly",AtZGoueL4Vs
The Weird History of JavaScript,Sh6lK57Cuk4
Smart Push Notifications with Flutter & FCM,2TSm2YGBT1s
5 Cool New Features in AngularFire,KkNpEDU5RMA
Nx Quickstart - How to Scale a JavaScript Project,VUyBY72mwrQ
Top 12 Flutter Tips & Tricks,FdgDgcrDeNI
Firebase vs AWS Amplify,ucmbO2lWC2A
How to Become a Google Developer Expert (GDE),IDZyZMYn3H0
Collection Group Queries in Firestore,fQ4u1J717ys
Flutter Provider - Advanced Firebase Data Management,vFxk_KJCqgk
Firebase Performance on the Web QuickStart,KYYjdWSrRjI
Flutter Drag & Drop for Two-Year-Olds,KOh6CkX-d6U
Svelte 3 Reaction & QuickStart Tutorial,043h4ugAj4c
Scheduled Cloud Functions - NOT for Robocallers,h79xrJZAQ6I
Firestore Data Modeling - Five Cool Techniques,35RlydUf6xo
Cloud Run QuickStart - Docker to Serverless,3OP-q55hOUI
Firestore Increment - Counters that Scale,8Ejn1FLRRaw
Flutter Flare Basics - Let's Build Giphy's Nav Menu,hwBUU9CP4qI
Run VS Code in the browser with massive computing resources,N5WojMutddQ
"RxJS Top Ten - Code This, Not That",ewcoEYS85Co
Reflectly-Inspired Animated Slideshow with Flutter + Firebase,8PfiY0U_PBI
Predict Horse Races with BigQuery #ML,ajTp60neMlc
Flutter State Management - The Grand Tour,3tm-R7ymwhc
Stripe Elements & Checkout with Angular - Monetize your PWA,zTj0FZHunNE
Flutter Animation -  Radial Menu at 60FPS,MhQI-ysRyrk
PWA to Google Play Store with Trusted Web Activities (TWA),7JDFjeMvxos
Multiple Concurrent File Uploads with Firebase Storage + Angular,ok7633BVa4Y
100K... Now what? Channel Update,tV9byUUfPQM
Flutter Google Maps + Firestore Geolocation - Build the next Uber?,MYHVyl-juUk
7 Amazing Developer Tools that you're not using yet,U_gANjtv28g
Beautiful Router Animations with Angular,7JA90VI9fAI
Top 10 Programming Languages in 90 Seconds,eqtgZM3AwNM
The Magic of TypeScript Decorators,O6A-u_FoEX8
Flutter Layouts for the CSS Developer,u0e2L5yoxFI
Realtime User Presence with Firebase & Angular - Online | Offline | Away,bL3I7Pls-1w
"Lazy-Loaded Images - Code This, Not That",aUjBvuUdkhg
Angular Universal on Cloud Functions or AppEngine,VS0zsXvDJ08
Flutter for the JS Developer,7sJZi0grFR4
Cloud Build - Create a CI/CD Pipeline,Zd014DjonqE
"JavaScript Loops - Code This, Not That",x7Xzvm0iLCI
Flutter - Google SignIn from Scratch,cHFV6JPp-6A
Firebase Google SignIn + Firestore w/ Angular,qP5zw7fjQgo
Fireship.io - Channel Update,gun8OiGtlNc
10 Predictions about 2019 for Developers,qV4EzzQFgEg
Object Oriented vs Functional Programming with TypeScript,fsVL_xrYO0w
Advanced Angular Elements,ujaMvl5M8nY
TypeScript - The Basics,ahCwqrYpIuM
"State of JavaScript - Real Analysis of Angular, React, and Vue",UnEPBQvkNrg
Cloud Scheduler - Time Triggers for Cloud Functions,WUPEUjvSBW8
Firestore Rules Testing with the Emulator - New Feature,Rx4pVS1vPGY
Git It? How to use Git and Github,HkdAHXoRtos
Angular 7 Virtual Scroll - To Infinity and Beyond,Ppl64MY6FFc
Firestore Megachat - Let's Build a Chat App,LKAXg2drQJQ
The Async Await Episode I Promised,vn3tm0quoqE
Behind the Scenes: How I make the Videos,d6V-nGaNbhw
Draggable Sortable Firestore,r5ZEqaW3A5c
ML Engine - Machine Learning in the Cloud,fsv0rty7QhU
You get a Car! Live JS Pro Tips + Swag Giveaways,53doQMZk1yo
"JavaScript Pro Tips - Code This, NOT That",Mus_vwhTCq0
Angular Directives - Build a Hold-to-Delete Button,kl-UMCHpEsw
JavaScript Picks a T-Shirt Winner w/ Sound,_dvQpqoJkc4
Google Calendar + Firebase Auth,Bj15-6rBHQw
Angular Firebase Live Stream,OZXk36N66bM
Ionic4 + Firebase Master Course,luady6ItI5M
Push Notifications with Ionic4 and Firebase Cloud Messaging,m_P1Q0vhOHs
The Future of Angular Firebase - Channel Update,PwSyYZ35ftM
Big JavaScript Projects - Code Sharing,MflUMIeADZU
Ionic 4 - Routing and Navigation Guide,XZHG1e_prmQ
Host Multiple Apps or Websites on Firebase,NrkFBmBFA6k
Custom RxJS Operators by Example,JWjXBWINlzU
RxFire - Firebase meets RxJS,fq6UPn5H2Bs
Puppeteer on Cloud Functions,BMFS9fWiv98
Ionic 4 Theme Builder with CSS Variables,RVh6nngPuNw
Angular Console,d2K2Cp8BJx0
Image Resize Cloud Function,OKW8x8-qYs0
How to NOT get a 30K Firebase Bill,Lb-Pnytoi-8
Firestore Array Query,4t2eHrFW_0M
Ionic 4: Should you Build a Hybrid App?,34fDUKaJBtw
Angular CDK Data Tables,lLwhEKLIXa8
Stripe Billing - Get Paid for your SaaS,1__Leh5MBEM
Firestore Geoquery,lO1S-FAcZU8
Apollo Angular GraphQL Optimistic UI,Wc7bJ2uv694
Redux from Scratch,hG7v7quMMwM
Cypress End-to-End Testing,7N63cMKosIE
Angular Components Beginner's Guide,23o0evRtrFI
GraphQL with Apollo Server 2.0,8D9XnnjFGMs
Angular Router - The Basics and Beyond,Np3ULAMqwNo
VS Code Top-Ten Pro Tips,u21W_tfPVrY
Airtable Quick Start with Firestore,P9kRvgpIS8U
Algolia Firestore Instant Search,3Z0V3cvgns8
Reactive Forms  - The Basics,JeeUY6WaXiA
Google Assistant Quick Start for Developers,WZY_in9oAjA
Angular CLI - The Basics,IZEolKjcjks
Angular Elements Quick Start,4u9_kdkvTsc
Episode 100 - NgConf and the Exciting Future of Angular,V0HW6h0Jzog
Angular Universal with Firebase,wij2-gyG12E
NGXS - Angular State Management,SGj11j4hxmg
TensorFlow.js Quick Start,Y_XM3Bu-4yc
Capacitor - Five Apps in Five Minutes,x2jRs7Qqai8
Passwordless Authentication with Firebase,Ec7hr2xOjUo
Ionic Native Push Notifications + Firebase Cloud Messaging,SOOjamH1bAA
Firestore Security Rules - How to Hack a Firebase App,b7PUm7LmAOw
Firebase - Ultimate Beginner's Guide,9kRgVxULbag
Ionic Google Login for iOS and Android,w6vhJhv4fps
Custom Ionic Splash + Animation,dPUmskG_-y0
Async Validation with Angular Reactive Forms + Firebase,_X5FbiW0L_8
Model Relational Data in Firestore NoSQL,jm66TSlVtcc
Seefood - Ionic + Firebase + Cloud Vision,taPczl94Eow
AngularFire2 Storage -  File Upload Dropzone,wRWZQwiNFnM
The Future of Checkout Forms - Payment Request API,sWC0jwNyl2s
Short Imports with TypeScript Path Mapping,1FOfL6bDSF4
"Swipe, Tap, Pinch - HammerJS + Angular Animations",5Z2C0wy4bmg
Coinbase + Firebase - Build a Bitcoin App,6OKssWCEnAw
Role-Based Authorization with Firestore,1PEdd2rtG30
Angular Testing Quick Start,BumgayeUC08
Angular 5 Service Worker - Hacker News PWA,9oYIepz4xvI
SendGrid Transactional Email via a Firestore Cloud Function,JVy0JpCOuNI
NgRx + Firestore,rv37jBygQ2g
Multi-Step Password Auth with Firebase and Reactive Forms,r-n5lpG1hxY
Angular SEO with Rendertron,ANyOZIcGvB8
Contentful - CMS for Angular Progressive Web Apps,2agJoqviGY4
Faster Firestore via Data Aggregation,I6Q5VM1ao2k
Infinite Scroll Pagination with Firestore,-yae3DNV1mY
Learn @ngrx/entity and Feature Modules,8Wy1AqY5gqE
Angular Chatbot with Dialogflow (API.ai),CKhV7-NF2OI
Star Review System from Scratch with Firestore + Angular,I2i3gXoTmcw
Google Sign-In with Firestore Custom User Data,e8GA1UOj8mE
Angular HTTP Client Quick Start Tutorial,_05v0mrNLh0
Firestore with AngularFire5 Quick Start Tutorial,-GjF9pSeFTs
"Subscription Payments with Stripe, Angular, and Firebase",QYvANSdlKjQ
Native Desktop Apps with Angular and Electron,u_vMChpZMCk
Firebase Database Performance Profiling,8rAc-tJ_mJ0
Send SMS Text Messages with Twilio and Firebase,vIWXoaR_VnQ
RxJS Quick Start with Practical Examples,2LCo926NFLI
Angular Ngrx with Firebase Google OAuth User Authentication,wOLF-3wNQh8
Progressive Web Apps with Angular,51Nd_mTpugY
Angular Ngrx Effects with Firebase Database,13nWhUndQo4
Angular ngrx Redux Quick Start Tutorial,f97ICOaekNU
Location-based Queries with GeoFire and Angular Google Maps,dWn9iBYiJrk
"User Presence System in Realtime - Online, Offline, Away",2ZDeT5hLIBQ
Role-Based User Permissions in Firebase,3qODuvp1Zp8
Realtime Graphs and Charts with Plotly and Firebase,Ga0vrqed6Ho
Use TypeScript with Firebase Cloud Functions,twmh82lvs1Q
Infinite Scroll with Angular and Firebase,Cy5MjeXZobE
Top 7 Ways to Debug Angular 4 Apps,gxixM90vo9Y
Send Push Notifications in Angular with Firebase Cloud Messaging,z27IroVNFLI
Angular Reactive Forms with Firebase Database Backend,MG8n8ggY0mk
Realtime Maps with Mapbox + Firebase + Angular,Zn3Xx-TSrM8
Advanced Firebase Data Filtering (Multi-Property),ZszeF3laTc8
Learn Angular Animations with 5 Examples,mVqQDEtRBwA
Top 7 RxJS Concepts for Angular Developers,65Us8NwmYf4
Firebase Phone Authentication in Angular 4,XIq_VU1Njw0
Algolia with Firebase Cloud Functions - Part 2,Njtbo3YUdH4
Angular 4 Full Text Search with Algolia - Part 1,4u_Vd-c9uLI
Selling Digital Content in Angular with Stripe Payments - Part 3,VlVnb98oBGo
Process Stripe Payments with Firebase Cloud Functions - Part 2,NsPGRIVOg0U
Stripe Checkout Payments with Angular and Firebase - Part 1,_lZc2O2oUJk
Lazy Loading Components in Angular 4,8tBQI5grhbE
Learn NgModule in Angular with Examples,oqZ4-ULwfbc
Facebook-Inspired Reactions System with Angular and Firebase,_G5blkXLePY
Add Toast Message Notifications to your Angular App,MlbLcUF77eU
How to Connect Firebase Users to their Data - 3 Methods,2ciHixbc4HE
Simple Pagination with Firebase and Angular 4,TIGj7KzXtxg
Twitter-Inspired Follow Unfollow Feature with Firebase and Angular 4,gNT5YBjLD2Q
Custom Usernames with Firebase Authentication,NLWHEiH1FZY
Text Translation with Firebase Cloud Functions onWrite and Angular 4,zioTb3Alqz4
Angular Drag-and-Drop File Uploads to Firebase Storage,OVnrL4we2NM
Reddit Inspired Upvoting System with Angular and Firebase NoSQL,mBPURBO1kD8
Autocomplete Search with Angular4 and Firebase,eQuVbyBGhHA
Firebase Database Rules Tutorial,qLrDWBKTUZo
Angular 4 Transactional Email with Google Firebase Cloud Functions,wCtNjP9gcqk
Loading Spinners for Asynchronous Firebase Data,qR-Cj1dGgkM
Sharing Data between Components in Angular,I317BhehZKM
How to Deploy an Angular App to Firebase Hosting,aICeVhu2mAE
Upload Files from Angular to Firebase Storage,5qoU1EirSmo
Angular Firebase CRUD App with NoSQL Database Tutorial,6N_1vUPlhvk
Angular Router Guards for Firebase Users,RxLI9_ub6PM
Anonymous Authentication with Angular and Firebase - Lazy Registration,dyQDAaDq2ag
OAuth with Angular and Firebase Tutorial,-3rkY8X2EWc
Angular 4 Development and Production Environments with Firebase,iaXhn5Wuk2c
